previous_activity,activity,transition,transition_count,mean_wait_days,median_wait_days,p95_wait_days,max_wait_days
W_Completeren aanvraag,O_SENT_BACK,W_Completeren aanvraag → O_SENT_BACK,561,5.37,5.93,8.01,11.84
W_Nabellen offertes,A_REGISTERED,W_Nabellen offertes → A_REGISTERED,68,2.88,3.15,6.02,6.25
W_Nabellen offertes,A_APPROVED,W_Nabellen offertes → A_APPROVED,165,3.08,3.12,6.07,6.96
W_Nabellen offertes,A_ACTIVATED,W_Nabellen offertes → A_ACTIVATED,61,2.59,2.99,6.1,6.91
W_Nabellen offertes,O_SENT_BACK,W_Nabellen offertes → O_SENT_BACK,2693,3.59,2.97,7.79,18.08
W_Nabellen offertes,O_ACCEPTED,W_Nabellen offertes → O_ACCEPTED,350,2.83,2.93,6.05,7.04
W_Nabellen offertes,A_DECLINED,W_Nabellen offertes → A_DECLINED,199,2.67,2.79,5.78,8.32
W_Nabellen offertes,O_DECLINED,W_Nabellen offertes → O_DECLINED,196,2.78,2.31,5.88,9.07
W_Nabellen offertes,W_Valideren aanvraag,W_Nabellen offertes → W_Valideren aanvraag,2114,2.5,2.16,5.94,7.14
W_Nabellen offertes,W_Nabellen offertes,W_Nabellen offertes → W_Nabellen offertes,13521,3.11,1.87,8.99,30.92
W_Nabellen incomplete dossiers,O_SENT_BACK,W_Nabellen incomplete dossiers → O_SENT_BACK,190,1.83,1.0,5.35,6.96
A_PARTLYSUBMITTED,W_Beoordelen fraude,A_PARTLYSUBMITTED → W_Beoordelen fraude,67,1.42,0.79,4.53,6.55
W_Nabellen offertes,O_SELECTED,W_Nabellen offertes → O_SELECTED,449,2.13,0.77,8.01,22.96
W_Nabellen offertes,A_CANCELLED,W_Nabellen offertes → A_CANCELLED,732,2.37,0.74,8.81,23.6
W_Nabellen offertes,O_CANCELLED,W_Nabellen offertes → O_CANCELLED,1133,2.34,0.7,8.88,30.55
W_Completeren aanvraag,W_Completeren aanvraag,W_Completeren aanvraag → W_Completeren aanvraag,12619,1.42,0.24,6.99,30.74
W_Nabellen incomplete dossiers,A_CANCELLED,W_Nabellen incomplete dossiers → A_CANCELLED,70,0.8,0.16,4.55,7.23
A_PREACCEPTED,W_Completeren aanvraag,A_PREACCEPTED → W_Completeren aanvraag,2793,0.36,0.15,1.31,2.55
W_Nabellen incomplete dossiers,W_Nabellen incomplete dossiers,W_Nabellen incomplete dossiers → W_Nabellen incomplete dossiers,8620,0.69,0.13,3.59,12.93
W_Afhandelen leads,W_Completeren aanvraag,W_Afhandelen leads → W_Completeren aanvraag,1597,0.19,0.1,0.74,2.77
W_Afhandelen leads,A_CANCELLED,W_Afhandelen leads → A_CANCELLED,61,0.21,0.09,0.71,1.86
W_Completeren aanvraag,A_DECLINED,W_Completeren aanvraag → A_DECLINED,685,0.52,0.09,1.92,17.06
A_PREACCEPTED,A_CANCELLED,A_PREACCEPTED → A_CANCELLED,134,0.27,0.09,1.14,1.69
W_Nabellen incomplete dossiers,W_Valideren aanvraag,W_Nabellen incomplete dossiers → W_Valideren aanvraag,879,0.47,0.07,2.72,7.11
W_Nabellen incomplete dossiers,A_APPROVED,W_Nabellen incomplete dossiers → A_APPROVED,168,0.36,0.07,1.92,3.83
W_Nabellen incomplete dossiers,O_ACCEPTED,W_Nabellen incomplete dossiers → O_ACCEPTED,444,0.35,0.07,1.72,3.62
W_Beoordelen fraude,A_DECLINED,W_Beoordelen fraude → A_DECLINED,64,0.44,0.07,2.58,3.08
A_PREACCEPTED,A_DECLINED,A_PREACCEPTED → A_DECLINED,160,0.26,0.07,0.89,1.77
W_Nabellen incomplete dossiers,A_ACTIVATED,W_Nabellen incomplete dossiers → A_ACTIVATED,85,0.4,0.06,2.17,5.75
W_Nabellen incomplete dossiers,O_SELECTED,W_Nabellen incomplete dossiers → O_SELECTED,99,0.33,0.06,1.12,4.7
A_PARTLYSUBMITTED,W_Afhandelen leads,A_PARTLYSUBMITTED → W_Afhandelen leads,760,0.27,0.05,1.1,3.24
W_Nabellen incomplete dossiers,A_REGISTERED,W_Nabellen incomplete dossiers → A_REGISTERED,89,0.27,0.05,0.96,2.95
W_Nabellen incomplete dossiers,O_DECLINED,W_Nabellen incomplete dossiers → O_DECLINED,90,0.26,0.05,1.01,2.73
W_Nabellen incomplete dossiers,A_DECLINED,W_Nabellen incomplete dossiers → A_DECLINED,67,0.35,0.05,2.11,4.9
W_Completeren aanvraag,A_ACCEPTED,W_Completeren aanvraag → A_ACCEPTED,2737,0.3,0.04,1.18,20.79
W_Valideren aanvraag,W_Valideren aanvraag,W_Valideren aanvraag → W_Valideren aanvraag,1928,0.5,0.04,2.89,14.93
W_Beoordelen fraude,W_Beoordelen fraude,W_Beoordelen fraude → W_Beoordelen fraude,89,0.56,0.04,3.1,4.0
W_Valideren aanvraag,A_DECLINED,W_Valideren aanvraag → A_DECLINED,113,0.44,0.04,2.63,5.84
W_Valideren aanvraag,O_CANCELLED,W_Valideren aanvraag → O_CANCELLED,64,0.31,0.04,2.32,3.99
W_Valideren aanvraag,W_Nabellen incomplete dossiers,W_Valideren aanvraag → W_Nabellen incomplete dossiers,1988,0.09,0.04,0.25,2.88
W_Valideren aanvraag,O_SELECTED,W_Valideren aanvraag → O_SELECTED,64,0.18,0.04,0.78,2.68
W_Valideren aanvraag,O_DECLINED,W_Valideren aanvraag → O_DECLINED,126,0.41,0.03,2.84,5.79
W_Nabellen incomplete dossiers,O_CANCELLED,W_Nabellen incomplete dossiers → O_CANCELLED,153,0.49,0.03,2.9,6.99
A_PREACCEPTED,A_ACCEPTED,A_PREACCEPTED → A_ACCEPTED,1765,0.21,0.03,0.95,1.85
W_Valideren aanvraag,A_REGISTERED,W_Valideren aanvraag → A_REGISTERED,89,0.28,0.02,1.02,6.76
W_Valideren aanvraag,A_ACTIVATED,W_Valideren aanvraag → A_ACTIVATED,74,0.2,0.02,0.86,3.08
W_Valideren aanvraag,O_ACCEPTED,W_Valideren aanvraag → O_ACCEPTED,448,0.32,0.02,1.85,9.98
W_Valideren aanvraag,A_APPROVED,W_Valideren aanvraag → A_APPROVED,199,0.22,0.02,0.95,8.01
W_Afhandelen leads,A_ACCEPTED,W_Afhandelen leads → A_ACCEPTED,611,0.11,0.02,0.6,1.98
W_Afhandelen leads,A_DECLINED,W_Afhandelen leads → A_DECLINED,602,0.08,0.02,0.44,1.85
W_Afhandelen leads,W_Afhandelen leads,W_Afhandelen leads → W_Afhandelen leads,369,0.07,0.01,0.36,1.86
W_Afhandelen leads,A_PREACCEPTED,W_Afhandelen leads → A_PREACCEPTED,403,0.04,0.01,0.13,1.72
W_Completeren aanvraag,W_Nabellen offertes,W_Completeren aanvraag → W_Nabellen offertes,3554,3.1,0.01,8.23,13.96
O_CANCELLED,O_CREATED,O_CANCELLED → O_CREATED,974,0.0,0.0,0.0,0.0
O_SENT_BACK,W_Nabellen offertes,O_SENT_BACK → W_Nabellen offertes,3254,0.0,0.0,0.0,0.0
O_SELECTED,O_CREATED,O_SELECTED → O_CREATED,3149,0.0,0.0,0.0,0.0
A_CANCELLED,W_Completeren aanvraag,A_CANCELLED → W_Completeren aanvraag,750,0.0,0.0,0.0,1.87
O_SENT,W_Completeren aanvraag,O_SENT → W_Completeren aanvraag,5015,0.0,0.0,0.0,0.0
A_PREACCEPTED,W_Afhandelen leads,A_PREACCEPTED → W_Afhandelen leads,2515,0.0,0.0,0.0,0.0
A_CANCELLED,W_Nabellen offertes,A_CANCELLED → W_Nabellen offertes,467,0.0,0.0,0.0,0.0
O_SENT,W_Nabellen offertes,O_SENT → W_Nabellen offertes,1619,0.0,0.0,0.0,0.39
A_SUBMITTED,A_PARTLYSUBMITTED,A_SUBMITTED → A_PARTLYSUBMITTED,13087,0.0,0.0,0.0,0.0
O_CANCELLED,W_Nabellen offertes,O_CANCELLED → W_Nabellen offertes,512,0.0,0.0,0.0,1.87
O_SENT,W_Valideren aanvraag,O_SENT → W_Valideren aanvraag,205,0.0,0.0,0.0,0.0
A_DECLINED,W_Afhandelen leads,A_DECLINED → W_Afhandelen leads,2234,0.0,0.0,0.0,0.0
O_SENT_BACK,W_Nabellen incomplete dossiers,O_SENT_BACK → W_Nabellen incomplete dossiers,200,0.0,0.0,0.0,0.0
O_SELECTED,A_FINALIZED,O_SELECTED → A_FINALIZED,2907,0.0,0.0,0.0,0.0
A_DECLINED,W_Beoordelen fraude,A_DECLINED → W_Beoordelen fraude,57,0.0,0.0,0.0,0.0
A_APPROVED,A_ACTIVATED,A_APPROVED → A_ACTIVATED,789,0.0,0.0,0.0,0.0
O_ACCEPTED,A_ACTIVATED,O_ACCEPTED → A_ACTIVATED,566,0.0,0.0,0.0,0.0
A_FINALIZED,O_SELECTED,A_FINALIZED → O_SELECTED,2108,0.0,0.0,0.0,0.0
O_SELECTED,O_CANCELLED,O_SELECTED → O_CANCELLED,974,0.0,0.0,0.0,0.0
A_APPROVED,A_REGISTERED,A_APPROVED → A_REGISTERED,682,0.0,0.0,0.0,0.0
O_CANCELLED,A_CANCELLED,O_CANCELLED → A_CANCELLED,766,0.0,0.0,0.0,0.0
A_REGISTERED,O_ACCEPTED,A_REGISTERED → O_ACCEPTED,332,0.0,0.0,0.0,0.0
A_ACTIVATED,A_REGISTERED,A_ACTIVATED → A_REGISTERED,546,0.0,0.0,0.0,0.0
A_REGISTERED,A_APPROVED,A_REGISTERED → A_APPROVED,581,0.0,0.0,0.0,0.0
A_DECLINED,O_DECLINED,A_DECLINED → O_DECLINED,383,0.0,0.0,0.0,0.0
O_ACCEPTED,A_REGISTERED,O_ACCEPTED → A_REGISTERED,771,0.0,0.0,0.0,0.0
W_Completeren aanvraag,O_CANCELLED,W_Completeren aanvraag → O_CANCELLED,466,1.7,0.0,7.74,12.71
W_Completeren aanvraag,O_SELECTED,W_Completeren aanvraag → O_SELECTED,389,0.67,0.0,5.87,9.92
W_Valideren aanvraag,W_Beoordelen fraude,W_Valideren aanvraag → W_Beoordelen fraude,33,0.08,0.0,0.03,2.51
A_PARTLYSUBMITTED,A_PREACCEPTED,A_PARTLYSUBMITTED → A_PREACCEPTED,6959,0.07,0.0,0.51,1.76
A_APPROVED,W_Valideren aanvraag,A_APPROVED → W_Valideren aanvraag,275,0.0,0.0,0.0,1.06
A_ACCEPTED,A_CANCELLED,A_ACCEPTED → A_CANCELLED,46,0.0,0.0,0.01,0.06
A_REGISTERED,W_Nabellen incomplete dossiers,A_REGISTERED → W_Nabellen incomplete dossiers,58,0.0,0.0,0.0,0.02
A_ACTIVATED,W_Valideren aanvraag,A_ACTIVATED → W_Valideren aanvraag,941,0.0,0.0,0.0,0.0
A_DECLINED,W_Valideren aanvraag,A_DECLINED → W_Valideren aanvraag,348,0.0,0.0,0.0,0.0
O_ACCEPTED,W_Valideren aanvraag,O_ACCEPTED → W_Valideren aanvraag,230,0.0,0.0,0.0,0.0
O_DECLINED,W_Valideren aanvraag,O_DECLINED → W_Valideren aanvraag,320,0.0,0.0,0.0,0.0
A_FINALIZED,O_CREATED,A_FINALIZED → O_CREATED,2907,0.0,0.0,0.0,0.0
A_PARTLYSUBMITTED,A_DECLINED,A_PARTLYSUBMITTED → A_DECLINED,5301,0.08,0.0,0.51,1.74
O_SENT,W_Nabellen incomplete dossiers,O_SENT → W_Nabellen incomplete dossiers,191,0.0,0.0,0.0,0.0
A_DECLINED,W_Completeren aanvraag,A_DECLINED → W_Completeren aanvraag,1113,0.0,0.0,0.0,0.0
O_CANCELLED,W_Nabellen incomplete dossiers,O_CANCELLED → W_Nabellen incomplete dossiers,71,0.0,0.0,0.0,0.0
O_CREATED,O_SENT,O_CREATED → O_SENT,7030,0.0,0.0,0.0,0.0
A_CANCELLED,W_Nabellen incomplete dossiers,A_CANCELLED → W_Nabellen incomplete dossiers,56,0.0,0.0,0.0,0.0
W_Completeren aanvraag,A_CANCELLED,W_Completeren aanvraag → A_CANCELLED,989,1.32,0.0,7.96,30.75
O_ACCEPTED,A_APPROVED,O_ACCEPTED → A_APPROVED,654,0.0,0.0,0.0,0.0
A_REGISTERED,A_ACTIVATED,A_REGISTERED → A_ACTIVATED,670,0.0,0.0,0.0,0.0
A_CANCELLED,O_CANCELLED,A_CANCELLED → O_CANCELLED,865,0.0,0.0,0.0,0.0
O_CANCELLED,O_SELECTED,O_CANCELLED → O_SELECTED,1041,0.0,0.0,0.0,0.0
O_DECLINED,A_DECLINED,O_DECLINED → A_DECLINED,419,0.0,0.0,0.0,0.0
A_ACTIVATED,A_APPROVED,A_ACTIVATED → A_APPROVED,478,0.0,0.0,0.0,0.0
A_APPROVED,O_ACCEPTED,A_APPROVED → O_ACCEPTED,474,0.0,0.0,0.0,0.0
A_ACTIVATED,O_ACCEPTED,A_ACTIVATED → O_ACCEPTED,192,0.0,0.0,0.0,0.0
A_ACCEPTED,W_Completeren aanvraag,A_ACCEPTED → W_Completeren aanvraag,74,0.01,0.0,0.03,0.07
A_ACCEPTED,O_SELECTED,A_ACCEPTED → O_SELECTED,2879,0.0,0.0,0.01,0.04
A_ACCEPTED,A_FINALIZED,A_ACCEPTED → A_FINALIZED,2089,0.0,0.0,0.01,0.03
A_DECLINED,W_Nabellen incomplete dossiers,A_DECLINED → W_Nabellen incomplete dossiers,50,0.0,0.0,0.0,0.0
A_REGISTERED,W_Valideren aanvraag,A_REGISTERED → W_Valideren aanvraag,604,0.0,0.0,0.0,0.0
A_ACTIVATED,W_Nabellen incomplete dossiers,A_ACTIVATED → W_Nabellen incomplete dossiers,89,0.0,0.0,0.0,0.0
O_DECLINED,W_Nabellen incomplete dossiers,O_DECLINED → W_Nabellen incomplete dossiers,36,0.0,0.0,0.0,0.0
